/*CREACIÓN DE LA BASE DE DATOS Y SUS TABLAS*/

CREATE DATABASE IF NOT EXISTS Tarea5_BD2021; 
USE Tarea5_BD2021;

CREATE TABLE IF NOT EXISTS PRODUCTO (
Codigo char(3) PRIMARY KEY,
Nombre VARCHAR(50) UNIQUE,
Precio FLOAT(6,2)
);


CREATE TABLE IF NOT EXISTS  EMPLEADO (
DNI CHAR(9) PRIMARY KEY,
Nombre VARCHAR(50),
Nss VARCHAR(11),
Turno enum('mañana', 'tarde','noche'),
Salario FLOAT(6,2)
);


CREATE TABLE IF NOT EXISTS REPARTIDOR (
DNI CHAR(9) PRIMARY KEY,
Nombre VARCHAR(50),
Turno enum('mañana', 'tarde','noche'),
Incentivo FLOAT(6,2)
);


CREATE TABLE IF NOT EXISTS PEDIDO (
Numero char(4) PRIMARY KEY,
Fecha DATE NOT NULL,
Importe FLOAT(6,2),
DNI_ETM CHAR(9),
DNI_EP CHAR(9),
DNI_R CHAR(9),
Hora_tm time,
Hora_pre time,
Hora_rep time,
CONSTRAINT  Pe_dniETM_FK FOREIGN KEY (DNI_ETM) REFERENCES EMPLEADO(DNI) ON DELETE CASCADE,
CONSTRAINT  Pe_dniEP_FK FOREIGN KEY (DNI_EP) REFERENCES EMPLEADO(DNI) ON DELETE CASCADE,
CONSTRAINT  Pe_dniR_FK FOREIGN KEY (DNI_R) REFERENCES REPARTIDOR(DNI) ON DELETE CASCADE
);


CREATE TABLE IF NOT EXISTS esta_compuesto (
Codigo_P char(3),
Codigo_P_compuesto char(3),
CONSTRAINT EC_PK PRIMARY KEY (Codigo_P,Codigo_P_compuesto),
CONSTRAINT  EC_coP_FK FOREIGN KEY (Codigo_P) REFERENCES PRODUCTO(Codigo) ON DELETE CASCADE,
CONSTRAINT  EC_coPC_FK FOREIGN KEY (Codigo_P_compuesto) REFERENCES PRODUCTO(Codigo) ON DELETE CASCADE

);

CREATE TABLE IF NOT EXISTS consta(
Codigo_Pr char(3),
Numero_P char(4),
cantidad TINYINT,
CONSTRAINT CO_PK PRIMARY KEY (Codigo_Pr,Numero_P),
CONSTRAINT  CO_coP_FK FOREIGN KEY (Codigo_Pr) REFERENCES PRODUCTO(Codigo) ON DELETE CASCADE,
CONSTRAINT  CO_nuP_FK FOREIGN KEY (Numero_P) REFERENCES PEDIDO(Numero) ON DELETE CASCADE
);

CREATE TABLE IF NOT EXISTS PEDIDOS_FINALIZADOS (
Numero char(4) PRIMARY KEY,
Fecha DATE NOT NULL,
Importe FLOAT(6,2),
DNI_ETM CHAR(9),
DNI_EP CHAR(9),
DNI_R CHAR(9),
Hora_tm time,
Hora_pre time,
Hora_rep time,
CONSTRAINT  Pe_dniETM1_FK FOREIGN KEY (DNI_ETM) REFERENCES EMPLEADO(DNI) ON DELETE CASCADE,
CONSTRAINT  Pe_dniEP1_FK FOREIGN KEY (DNI_EP) REFERENCES EMPLEADO(DNI) ON DELETE CASCADE,
CONSTRAINT  Pe_dniR1_FK FOREIGN KEY (DNI_R) REFERENCES REPARTIDOR(DNI) ON DELETE CASCADE,
Tiempo_transcurrido time
);

CREATE TABLE RANKING_PRODUCTOS(
Codigo char(3) PRIMARY KEY,
Nombre VARCHAR(50) UNIQUE,
Total int(3)
);

/*INSERCCIÓN DE DATOS*/

/* VALORES EN TABLA PRODUCTO */
INSERT INTO PRODUCTO VALUES ('01','Hamburguesa',2.6);
INSERT INTO PRODUCTO VALUES ('02','Patatas',2.0);
INSERT INTO PRODUCTO VALUES ('03','tomate',0.50);
INSERT INTO PRODUCTO VALUES ('04','Queso',1.0);
INSERT INTO PRODUCTO VALUES ('05','Lechuga',0.50);
INSERT INTO PRODUCTO VALUES ('06','Pollo',3.6);
INSERT INTO PRODUCTO VALUES ('08','Bacon',1.5);
INSERT INTO PRODUCTO VALUES ('09','Coca cola',3.0);
INSERT INTO PRODUCTO VALUES ('19','Fanta',3.0);
INSERT INTO PRODUCTO VALUES ('10','Nestea',3.0);
INSERT INTO PRODUCTO VALUES ('18','Agua',2.0);
INSERT INTO PRODUCTO VALUES ('11','Menú de Pollo',5.0);
INSERT INTO PRODUCTO VALUES ('12','Menú de Hamburguesa con queso',6.0);
INSERT INTO PRODUCTO VALUES ('13','Menú de Pollo con queso',6.0);
INSERT INTO PRODUCTO VALUES ('14','Menú de Hamburguesa',6.0);
INSERT INTO PRODUCTO VALUES ('15','Helado',1.0);
INSERT INTO PRODUCTO VALUES ('16','Tarta',2.0);
INSERT INTO PRODUCTO VALUES ('17','Fruta',1.0);


/* VALORES EN TABLA está_compuesto */
/* menu de pollo*/
INSERT INTO esta_compuesto VALUES ('11','06');
INSERT INTO esta_compuesto VALUES ('11','02');
INSERT INTO esta_compuesto VALUES ('11','03');
INSERT INTO esta_compuesto VALUES ('11','18');
INSERT INTO esta_compuesto VALUES ('11','17');
/* menu de hamburguesa con queso*/
INSERT INTO esta_compuesto VALUES ('12','01');
INSERT INTO esta_compuesto VALUES ('12','02');
INSERT INTO esta_compuesto VALUES ('12','04');
INSERT INTO esta_compuesto VALUES ('12','10');
INSERT INTO esta_compuesto VALUES ('12','16');
/* menu de pollo con queso */
INSERT INTO esta_compuesto VALUES ('13','06');
INSERT INTO esta_compuesto VALUES ('13','08');
INSERT INTO esta_compuesto VALUES ('13','04');
INSERT INTO esta_compuesto VALUES ('13','02');
INSERT INTO esta_compuesto VALUES ('13','09');
INSERT INTO esta_compuesto VALUES ('13','15');
/* menu de hamburguesa */
INSERT INTO esta_compuesto VALUES ('14','03');
INSERT INTO esta_compuesto VALUES ('14','05');
INSERT INTO esta_compuesto VALUES ('14','08');
INSERT INTO esta_compuesto VALUES ('14','01');
INSERT INTO esta_compuesto VALUES ('14','02');
INSERT INTO esta_compuesto VALUES ('14','09');
INSERT INTO esta_compuesto VALUES ('14','15');

/* VALORES EN TABLA EMPLEADO */
INSERT INTO EMPLEADO VALUES ('11111111Q','Luis Ramírez Pardo','23445556666' , 'mañana', 900);
INSERT INTO EMPLEADO VALUES ('22222222S','María Sánchez Cid','11112223334' , 'tarde', 1000);
INSERT INTO EMPLEADO VALUES ('33333333M','Martín Guerrero López','33344455566' , 'tarde', 1000);
INSERT INTO EMPLEADO VALUES ('04444444T','Úrsula Delta Camacho', '11177788899', 'mañana', 900);
INSERT INTO EMPLEADO VALUES ('55555555J','Carmen Hernández Pío','99966633311' , 'mañana', 900);
INSERT INTO EMPLEADO VALUES ('77777777M','Pedro Jiménez Ruiz','23456785432' , 'tarde', 1000);
INSERT INTO EMPLEADO VALUES ('99999999X','Raúl Rodrigo Roca','55566677789' , 'tarde', 1000);
INSERT INTO EMPLEADO VALUES ('88888888O','Soledad Campillo Molina','00088877754' , 'noche', 1200);
INSERT INTO EMPLEADO VALUES ('03232323P','María Luisa Galdón Ter','43534534567', 'noche', 1200);
INSERT INTO EMPLEADO VALUES ('14567555L','Piedad Colmenero Zapillo','23456734534' , 'noche', 1200);
INSERT INTO EMPLEADO VALUES ('14111155T','Sergio Lérida Campos','55577700089' , 'tarde', 1000);


/* VALORES EN TABLA REPARTIDOR */
INSERT INTO REPARTIDOR VALUES ('14188151T','Carlos Sánchez Ruíz', 'tarde', 300);
INSERT INTO REPARTIDOR VALUES ('11245621Q','Juan Pardo Rubio', 'noche', 400);
INSERT INTO REPARTIDOR VALUES('04477744T','Laura Jiménez Jiménez', 'noche', 400);
INSERT INTO REPARTIDOR VALUES('51235555J','Carmen Capel Pío', 'tarde', 300);
INSERT INTO REPARTIDOR VALUES('55675675J','Juan Sánchez López', 'mañana', 200);
INSERT INTO REPARTIDOR VALUES('99009900J','Alejandro Pardo López', 'mañana', 400);

/* VALORES EN TABLA PEDIDOS */
INSERT INTO PEDIDO VALUES('0001','2020-10-15',10,'11111111Q','04444444T','55675675J','12:00','12:15','12:45');
INSERT INTO PEDIDO VALUES('0002','2020-11-11',15,'22222222S','77777777M','99009900J','13:30','13:45','14:05');
INSERT INTO PEDIDO VALUES('0003','2020-10-15',13,'77777777M','22222222S','99009900J','15:00','15:15','15:45');
INSERT INTO PEDIDO VALUES('0004','2020-11-10',13,'99999999X','77777777M','04477744T','14:02','14:30','14:45');
INSERT INTO PEDIDO VALUES('0005','2020-09-05',14,'14567555L','03232323P','14188151T','19:02','19:30','19:45');
INSERT INTO PEDIDO VALUES('0006','2020-11-15',23,'14567555L','88888888O','04477744T','21:02','21:35','21:45');
INSERT INTO PEDIDO VALUES('0007','2020-09-25',17,'03232323P','88888888O','14188151T','23:05','23:12','23:35');
INSERT INTO PEDIDO VALUES('0008','2020-09-15',14,'99999999X','33333333M','11245621Q','18:02','18:30','18:45');
INSERT INTO PEDIDO VALUES('0009','2020-11-23',25,'04444444T','55555555J','99009900J','11:02','11:30','11:55');
INSERT INTO PEDIDO VALUES('0010','2020-11-05',45,'88888888O','14567555L',null,'22:05','22:12',null);
INSERT INTO PEDIDO VALUES('0011','2020-11-05',45,'88888888O','14567555L',null,'22:05',null,null);

/* VALORES EN TABLA consta */
INSERT INTO consta VALUES ('11','0001',2);
INSERT INTO consta VALUES ('12','0001',1);
INSERT INTO consta VALUES ('11','0002',1);
INSERT INTO consta VALUES ('12','0002',2);
INSERT INTO consta VALUES ('15','0002',2);
INSERT INTO consta VALUES ('14','0003',2);
INSERT INTO consta VALUES ('17','0003',1);
INSERT INTO consta VALUES ('13','0004',3);
INSERT INTO consta VALUES ('04','0004',1);
INSERT INTO consta VALUES ('13','0005',2);
INSERT INTO consta VALUES ('12','0005',1);
INSERT INTO consta VALUES ('02','0005',1);
INSERT INTO consta VALUES ('12','0006',2);
INSERT INTO consta VALUES ('13','0006',1);
INSERT INTO consta VALUES ('19','0006',1);
INSERT INTO consta VALUES ('18','0006',1);
INSERT INTO consta VALUES ('12','0007',2);
INSERT INTO consta VALUES ('09','0007',1);
INSERT INTO consta VALUES ('02','0007',1);
INSERT INTO consta VALUES ('13','0008',2);
INSERT INTO consta VALUES ('11','0008',1);
INSERT INTO consta VALUES ('13','0009',4);
INSERT INTO consta VALUES ('15','0009',1);
INSERT INTO consta VALUES ('12','0010',3);
INSERT INTO consta VALUES ('13','0010',3);
INSERT INTO consta VALUES ('16','0010',3);
INSERT INTO consta VALUES ('04','0010',3);
INSERT INTO consta VALUES ('04','0011',2);